repo_path	expected	expected_source	expected_detail	expected_shape
unison-cli-integration/integration-tests/IntegrationTests/print.u	success	reference-parser		terms=User "print";types=;abilities=
unison-src/Base.u	failure	reference-parser	I got confused here:     60 |     take (stopExclusive `Nat.drop` start) (drop start s)   I was surprised to find a . here. I was expecting one of these instead:  * end of input * identifier (ex: abba1, snake_case, .foo.bar#xyz, .foo.++#xyz, or 🌻)	
unison-src/base58.u	success	reference-parser		terms=User "+",User "==",User "Integer.zero",User "base58Decode",User "base58Encode",User "bigEndian",User "charAt",User "codeString",User "divmod",User "foldLeft",User "shiftLeft",User "toInteger",User "unfoldRight",User "|>";types=User "Integer",User "Optional",User "Words";abilities=
unison-src/basics.u	success	reference-parser		terms=User "increment",User "merge",User "replicate",User "sort";types=;abilities=
unison-src/builtin-tests/udp-tests.u	success	reference-parser		terms=User "UDP.client'",User "UDP.server'",User "badIp",User "badPort",User "closeClient'",User "closeServer'",User "goodIp",User "goodPort",User "recv'",User "recvFrom'",User "send'",User "sendTo'",User "shouldFail",User "testServerAndClient",User "udp.tests";types=;abilities=
unison-src/demo/1.u	success	reference-parser		terms=User "increment";types=;abilities=
unison-src/demo/2.u	success	reference-parser		terms=User "halve",User "merge",User "sort",User "splitAt",User "uncons";types=;abilities=
unison-src/demo/3.u	success	reference-parser		terms=User "List.map",User "Monoid.op",User "Monoid.orElse",User "Monoid.zero",User "Node.increment",User "Remote.runLocal",User "dmapReduce",User "dreduce",User "dsort",User "dsort2",User "force",User "halve",User "merge",User "sort",User "splitAt",User "uncons";types=User "Future",User "Monoid",User "Node";abilities=User "Remote"
unison-src/errors/407.u	success	reference-parser		terms=User "foo";types=;abilities=
unison-src/errors/X-array.u	failure	reference-parser	This looks like the start of an expression here       6 | [foo +1 1 1.0, 1]  but at the file top-level, I expect one of the following:    - A binding, like [ = 42 OR                     [ : Nat                     [ = 42   - A watch expression, like > [ + 1   - An `ability` declaration, like unique ability Foo where ...   - A `type` declaration, like structural type Optional a = None | Some a 	
unison-src/errors/abort-ability-checks-against-pure.u	failure	reference-parser	This looks like the start of an expression here       7 | (bork : () -> {} Nat)  but at the file top-level, I expect one of the following:    - A binding, like ( = 42 OR                     ( : Nat                     ( = 42   - A watch expression, like > ( + 1   - An `ability` declaration, like unique ability Foo where ...   - A `type` declaration, like structural type Optional a = None | Some a 	
unison-src/errors/all-errors.u	failure	reference-parser	This looks like the start of an expression here      43 | ()  but at the file top-level, I expect one of the following:    - A binding, like ( = 42 OR                     ( : Nat                     ( = 42   - A watch expression, like > ( + 1   - An `ability` declaration, like unique ability Foo where ...   - A `type` declaration, like structural type Optional a = None | Some a 	
unison-src/errors/check-for-regressions/and.u	failure	reference-parser	This looks like the start of an expression here       1 | and true 3  but at the file top-level, I expect one of the following:    - A binding, like and = 42 OR                     and : Nat                     and = 42   - A watch expression, like > and + 1   - An `ability` declaration, like unique ability Foo where ...   - A `type` declaration, like structural type Optional a = None | Some a 	
unison-src/errors/check-for-regressions/app-polymorphic.u	failure	reference-parser	This looks like the start of an expression here       4 | foo 1 2 3 "ha" 5  but at the file top-level, I expect one of the following:    - A binding, like foo = 42 OR                     foo : Nat                     foo = 42   - A watch expression, like > foo + 1   - An `ability` declaration, like unique ability Foo where ...   - A `type` declaration, like structural type Optional a = None | Some a 	
unison-src/errors/check-for-regressions/app.u	failure	reference-parser	This looks like the start of an expression here       4 | foo 1 2 3 "ha" 5  but at the file top-level, I expect one of the following:    - A binding, like foo = 42 OR                     foo : Nat                     foo = 42   - A watch expression, like > foo + 1   - An `ability` declaration, like unique ability Foo where ...   - A `type` declaration, like structural type Optional a = None | Some a 	
unison-src/errors/check-for-regressions/applying-non-function.u	failure	reference-parser	This looks like the start of an expression here       4 | id 1 1  but at the file top-level, I expect one of the following:    - A binding, like id = 42 OR                     id : Nat                     id = 42   - A watch expression, like > id + 1   - An `ability` declaration, like unique ability Foo where ...   - A `type` declaration, like structural type Optional a = None | Some a 	
unison-src/errors/check-for-regressions/casebody.u	failure	reference-parser	This looks like the start of an expression here       1 | match 3 with  but at the file top-level, I expect one of the following:    - A binding, like match = 42 OR                     match : Nat                     match = 42   - A watch expression, like > match + 1   - An `ability` declaration, like unique ability Foo where ...   - A `type` declaration, like structural type Optional a = None | Some a 	
unison-src/errors/check-for-regressions/caseguard.u	failure	reference-parser	This looks like the start of an expression here       1 | match 3 with  but at the file top-level, I expect one of the following:    - A binding, like match = 42 OR                     match : Nat                     match = 42   - A watch expression, like > match + 1   - An `ability` declaration, like unique ability Foo where ...   - A `type` declaration, like structural type Optional a = None | Some a 	
unison-src/errors/check-for-regressions/casepattern.u	failure	reference-parser	This looks like the start of an expression here       1 | match 3 with  but at the file top-level, I expect one of the following:    - A binding, like match = 42 OR                     match : Nat                     match = 42   - A watch expression, like > match + 1   - An `ability` declaration, like unique ability Foo where ...   - A `type` declaration, like structural type Optional a = None | Some a 	
unison-src/errors/check-for-regressions/ifcond.u	failure	reference-parser	This looks like the start of an expression here       1 | if 3 then 4 else 5  but at the file top-level, I expect one of the following:    - A binding, like if = 42 OR                     if : Nat                     if = 42   - A watch expression, like > if + 1   - An `ability` declaration, like unique ability Foo where ...   - A `type` declaration, like structural type Optional a = None | Some a 	
unison-src/errors/check-for-regressions/ifelse.u	failure	reference-parser	This looks like the start of an expression here       1 | if true then 4 else "Surprise!"  but at the file top-level, I expect one of the following:    - A binding, like if = 42 OR                     if : Nat                     if = 42   - A watch expression, like > if + 1   - An `ability` declaration, like unique ability Foo where ...   - A `type` declaration, like structural type Optional a = None | Some a 	
unison-src/errors/check-for-regressions/lens.u	failure	reference-parser	This looks like the start of an expression here       9 | setA (Foo "hello" 3) (Some 7)  but at the file top-level, I expect one of the following:    - A binding, like setA = 42 OR                     setA : Nat                     setA = 42   - A watch expression, like > setA + 1   - An `ability` declaration, like unique ability Foo where ...   - A `type` declaration, like structural type Optional a = None | Some a 	
unison-src/errors/check-for-regressions/not-and.u	failure	reference-parser	This looks like the start of an expression here       3 | and (notid 3) true  but at the file top-level, I expect one of the following:    - A binding, like and = 42 OR                     and : Nat                     and = 42   - A watch expression, like > and + 1   - An `ability` declaration, like unique ability Foo where ...   - A `type` declaration, like structural type Optional a = None | Some a 	
unison-src/errors/check-for-regressions/not-and0.u	failure	reference-parser	This looks like the start of an expression here       1 | and (3 : Boolean) true  but at the file top-level, I expect one of the following:    - A binding, like and = 42 OR                     and : Nat                     and = 42   - A watch expression, like > and + 1   - An `ability` declaration, like unique ability Foo where ...   - A `type` declaration, like structural type Optional a = None | Some a 	
unison-src/errors/check-for-regressions/not-caseguard.u	failure	reference-parser	This looks like the start of an expression here       3 | match 3 with  but at the file top-level, I expect one of the following:    - A binding, like match = 42 OR                     match : Nat                     match = 42   - A watch expression, like > match + 1   - An `ability` declaration, like unique ability Foo where ...   - A `type` declaration, like structural type Optional a = None | Some a 	
unison-src/errors/check-for-regressions/not-caseguard2.u	failure	reference-parser	This looks like the start of an expression here       1 | match 3 with  but at the file top-level, I expect one of the following:    - A binding, like match = 42 OR                     match : Nat                     match = 42   - A watch expression, like > match + 1   - An `ability` declaration, like unique ability Foo where ...   - A `type` declaration, like structural type Optional a = None | Some a 	
unison-src/errors/check-for-regressions/not-or.u	failure	reference-parser	This looks like the start of an expression here       1 | or (3 : Boolean) true  but at the file top-level, I expect one of the following:    - A binding, like or = 42 OR                     or : Nat                     or = 42   - A watch expression, like > or + 1   - An `ability` declaration, like unique ability Foo where ...   - A `type` declaration, like structural type Optional a = None | Some a 	
unison-src/errors/check-for-regressions/not-vector.u	failure	reference-parser	This looks like the start of an expression here       1 | [1, +1 : Nat]  but at the file top-level, I expect one of the following:    - A binding, like [ = 42 OR                     [ : Nat                     [ = 42   - A watch expression, like > [ + 1   - An `ability` declaration, like unique ability Foo where ...   - A `type` declaration, like structural type Optional a = None | Some a 	
unison-src/errors/check-for-regressions/or.u	failure	reference-parser	This looks like the start of an expression here       1 | or true 3  but at the file top-level, I expect one of the following:    - A binding, like or = 42 OR                     or : Nat                     or = 42   - A watch expression, like > or + 1   - An `ability` declaration, like unique ability Foo where ...   - A `type` declaration, like structural type Optional a = None | Some a 	
unison-src/errors/check-for-regressions/vector.u	failure	reference-parser	This looks like the start of an expression here       1 | [1, +1]  but at the file top-level, I expect one of the following:    - A binding, like [ = 42 OR                     [ : Nat                     [ = 42   - A watch expression, like > [ + 1   - An `ability` declaration, like unique ability Foo where ...   - A `type` declaration, like structural type Optional a = None | Some a 	
unison-src/errors/compiler-bug.u	success	reference-parser		terms=User "Foo.y",User "a",User "x";types=;abilities=
unison-src/errors/cyclic-unguarded.u	success	reference-parser		terms=User "x",User "y";types=;abilities=
unison-src/errors/effect-inference1.u	failure	reference-parser	This looks like the start of an expression here       9 | bar foo 3  but at the file top-level, I expect one of the following:    - A binding, like bar = 42 OR                     bar : Nat                     bar = 42   - A watch expression, like > bar + 1   - An `ability` declaration, like unique ability Foo where ...   - A `type` declaration, like structural type Optional a = None | Some a 	
unison-src/errors/empty-block.u	failure	reference-parser	I expected a block after this (in red), but there wasn't one.  Maybe check your indentation:     1 | foo = 	
unison-src/errors/ex1.u	failure	reference-parser	I got confused here:      8 | "hello" `Sequence.cons` foo (Some 3)   I was surprised to find a . here. I was expecting one of these instead:  * end of input * identifier (ex: abba1, snake_case, .foo.bar#xyz, .foo.++#xyz, or 🌻)	
unison-src/errors/fix745.u	success	reference-parser		terms=User "noGood",User "ok";types=;abilities=User "A",User "B"
unison-src/errors/handle-inference.u	failure	reference-parser	This looks like the start of an expression here      22 | ()  but at the file top-level, I expect one of the following:    - A binding, like ( = 42 OR                     ( : Nat                     ( = 42   - A watch expression, like > ( + 1   - An `ability` declaration, like unique ability Foo where ...   - A `type` declaration, like structural type Optional a = None | Some a 	
unison-src/errors/id.u	failure	reference-parser	This looks like the start of an expression here       3 | (id 42 : Text)  but at the file top-level, I expect one of the following:    - A binding, like ( = 42 OR                     ( : Nat                     ( = 42   - A watch expression, like > ( + 1   - An `ability` declaration, like unique ability Foo where ...   - A `type` declaration, like structural type Optional a = None | Some a 	
unison-src/errors/io-effect.u	failure	reference-parser	This looks like the start of an expression here       8 | ()  but at the file top-level, I expect one of the following:    - A binding, like ( = 42 OR                     ( : Nat                     ( = 42   - A watch expression, like > ( + 1   - An `ability` declaration, like unique ability Foo where ...   - A `type` declaration, like structural type Optional a = None | Some a 	
unison-src/errors/io-state1.u	failure	reference-parser	This looks like the start of an expression here      17 | ()  but at the file top-level, I expect one of the following:    - A binding, like ( = 42 OR                     ( : Nat                     ( = 42   - A watch expression, like > ( + 1   - An `ability` declaration, like unique ability Foo where ...   - A `type` declaration, like structural type Optional a = None | Some a 	
unison-src/errors/map-traverse3.u	failure	reference-parser	This looks like the start of an expression here      26 | pureMap  but at the file top-level, I expect one of the following:    - A binding, like pureMap = 42 OR                     pureMap : Nat                     pureMap = 42   - A watch expression, like > pureMap + 1   - An `ability` declaration, like unique ability Foo where ...   - A `type` declaration, like structural type Optional a = None | Some a 	
unison-src/errors/mismatched-braces.u	failure	reference-parser	I found a closing '}' here without a matching '{'.      1 | } 	
unison-src/errors/poor-error-message/ability-check-fail-by-calling-wrong-function.u	failure	reference-parser	This looks like the start of an expression here       6 | ()  but at the file top-level, I expect one of the following:    - A binding, like ( = 42 OR                     ( : Nat                     ( = 42   - A watch expression, like > ( + 1   - An `ability` declaration, like unique ability Foo where ...   - A `type` declaration, like structural type Optional a = None | Some a 	
unison-src/errors/poor-error-message/doesnt-match-annotation.u	failure	reference-parser	This looks like the start of an expression here       4 | ()  but at the file top-level, I expect one of the following:    - A binding, like ( = 42 OR                     ( : Nat                     ( = 42   - A watch expression, like > ( + 1   - An `ability` declaration, like unique ability Foo where ...   - A `type` declaration, like structural type Optional a = None | Some a 	
unison-src/errors/poor-error-message/function-calls.u	failure	reference-parser	This looks like the start of an expression here       4 | f1 (3 Nat.+ 3)  but at the file top-level, I expect one of the following:    - A binding, like f1 = 42 OR                     f1 : Nat                     f1 = 42   - A watch expression, like > f1 + 1   - An `ability` declaration, like unique ability Foo where ...   - A `type` declaration, like structural type Optional a = None | Some a 	
unison-src/errors/poor-error-message/function-calls1.u	failure	reference-parser	This looks like the start of an expression here       4 | f1 (3 Nat.+ 3)  but at the file top-level, I expect one of the following:    - A binding, like f1 = 42 OR                     f1 : Nat                     f1 = 42   - A watch expression, like > f1 + 1   - An `ability` declaration, like unique ability Foo where ...   - A `type` declaration, like structural type Optional a = None | Some a 	
unison-src/errors/poor-error-message/function-calls2.u	failure	reference-parser	This looks like the start of an expression here       7 | f1 (id 3)  but at the file top-level, I expect one of the following:    - A binding, like f1 = 42 OR                     f1 : Nat                     f1 = 42   - A watch expression, like > f1 + 1   - An `ability` declaration, like unique ability Foo where ...   - A `type` declaration, like structural type Optional a = None | Some a 	
unison-src/errors/poor-error-message/function-calls3.u	failure	reference-parser	This looks like the start of an expression here      10 | id5 1 +2 3 4 5  but at the file top-level, I expect one of the following:    - A binding, like id5 = 42 OR                     id5 : Nat                     id5 = 42   - A watch expression, like > id5 + 1   - An `ability` declaration, like unique ability Foo where ...   - A `type` declaration, like structural type Optional a = None | Some a 	
unison-src/errors/poor-error-message/handle.u	failure	reference-parser	I got confused here:     41 |   I was surprised to find an end of section here.	
unison-src/errors/poor-error-message/handler-ex.u	failure	reference-parser	This looks like the start of an expression here      24 | supply  but at the file top-level, I expect one of the following:    - A binding, like supply = 42 OR                     supply : Nat                     supply = 42   - A watch expression, like > supply + 1   - An `ability` declaration, like unique ability Foo where ...   - A `type` declaration, like structural type Optional a = None | Some a 	
unison-src/errors/poor-error-message/mismatched-case-result-types.u	failure	reference-parser	This looks like the start of an expression here       3 | match Optional.Some 3 with  but at the file top-level, I expect one of the following:    - A binding, like match = 42 OR                     match : Nat                     match = 42   - A watch expression, like > match + 1   - An `ability` declaration, like unique ability Foo where ...   - A `type` declaration, like structural type Optional a = None | Some a 	
unison-src/errors/poor-error-message/notaguard.u	failure	reference-parser	This looks like the start of an expression here      21 | ()  but at the file top-level, I expect one of the following:    - A binding, like ( = 42 OR                     ( : Nat                     ( = 42   - A watch expression, like > ( + 1   - An `ability` declaration, like unique ability Foo where ...   - A `type` declaration, like structural type Optional a = None | Some a 	
unison-src/errors/poor-error-message/overapplied-data-constructor-loc.u	failure	reference-parser	This looks like the start of an expression here       9 | match Board X O X  but at the file top-level, I expect one of the following:    - A binding, like match = 42 OR                     match : Nat                     match = 42   - A watch expression, like > match + 1   - An `ability` declaration, like unique ability Foo where ...   - A `type` declaration, like structural type Optional a = None | Some a 	
unison-src/errors/poor-error-message/pattern-case-location.u	success	reference-parser		terms=User "foo";types=User "Bar",User "Foo";abilities=
unison-src/errors/poor-error-message/pattern-matching-1.u	failure	reference-parser	This looks like the start of an expression here      28 | ()  but at the file top-level, I expect one of the following:    - A binding, like ( = 42 OR                     ( : Nat                     ( = 42   - A watch expression, like > ( + 1   - An `ability` declaration, like unique ability Foo where ...   - A `type` declaration, like structural type Optional a = None | Some a 	
unison-src/errors/poor-error-message/tdnr-demo.u	failure	reference-parser	This looks like the start of an expression here      20 | pseudo-Stream : Sequence Nat  but at the file top-level, I expect one of the following:    - A binding, like pseudo = 42 OR                     pseudo : Nat                     pseudo = 42   - A watch expression, like > pseudo + 1   - An `ability` declaration, like unique ability Foo where ...   - A `type` declaration, like structural type Optional a = None | Some a 	
unison-src/errors/rank2a.u	success	reference-parser		terms=User "rank2a";types=;abilities=
unison-src/errors/seq-concat-constant-length.u	success	reference-parser		terms=User "test";types=;abilities=
unison-src/errors/state4.u	failure	reference-parser	This looks like the start of an expression here      12 | ()  but at the file top-level, I expect one of the following:    - A binding, like ( = 42 OR                     ( : Nat                     ( = 42   - A watch expression, like > ( + 1   - An `ability` declaration, like unique ability Foo where ...   - A `type` declaration, like structural type Optional a = None | Some a 	
unison-src/errors/tdnr.u	failure	reference-parser	This looks like the start of an expression here       3 | foo  but at the file top-level, I expect one of the following:    - A binding, like foo = 42 OR                     foo : Nat                     foo = 42   - A watch expression, like > foo + 1   - An `ability` declaration, like unique ability Foo where ...   - A `type` declaration, like structural type Optional a = None | Some a 	
unison-src/errors/tdnr2.u	failure	reference-parser	This looks like the start of an expression here       1 | 2.0 + 4  but at the file top-level, I expect one of the following:    - A binding, like 2.0 = 42 OR                     2.0 : Nat                     2.0 = 42   - A watch expression, like > 2.0 + 1   - An `ability` declaration, like unique ability Foo where ...   - A `type` declaration, like structural type Optional a = None | Some a 	
unison-src/errors/tdnr3.u	success	reference-parser		terms=User "Foo.z",User "a",User "x";types=;abilities=
unison-src/errors/term-functor-inspired/effect1.u	failure	reference-parser	This looks like the start of an expression here       9 | ()  but at the file top-level, I expect one of the following:    - A binding, like ( = 42 OR                     ( : Nat                     ( = 42   - A watch expression, like > ( + 1   - An `ability` declaration, like unique ability Foo where ...   - A `type` declaration, like structural type Optional a = None | Some a 	
unison-src/errors/term-functor-inspired/if-body-mismatch.u	failure	reference-parser	This looks like the start of an expression here       1 | if true  but at the file top-level, I expect one of the following:    - A binding, like if = 42 OR                     if : Nat                     if = 42   - A watch expression, like > if + 1   - An `ability` declaration, like unique ability Foo where ...   - A `type` declaration, like structural type Optional a = None | Some a 	
unison-src/errors/term-functor-inspired/if-cond-not-bool.u	failure	reference-parser	This looks like the start of an expression here       1 | if "true" then 1 else 1  but at the file top-level, I expect one of the following:    - A binding, like if = 42 OR                     if : Nat                     if = 42   - A watch expression, like > if + 1   - An `ability` declaration, like unique ability Foo where ...   - A `type` declaration, like structural type Optional a = None | Some a 	
unison-src/errors/term-functor-inspired/mismatched-case-result-types.u	failure	reference-parser	This looks like the start of an expression here       3 | match Optional.Some 3 with  but at the file top-level, I expect one of the following:    - A binding, like match = 42 OR                     match : Nat                     match = 42   - A watch expression, like > match + 1   - An `ability` declaration, like unique ability Foo where ...   - A `type` declaration, like structural type Optional a = None | Some a 	
unison-src/errors/type-apply.u	failure	reference-parser	This looks like the start of an expression here      15 | ()  but at the file top-level, I expect one of the following:    - A binding, like ( = 42 OR                     ( : Nat                     ( = 42   - A watch expression, like > ( + 1   - An `ability` declaration, like unique ability Foo where ...   - A `type` declaration, like structural type Optional a = None | Some a 	
unison-src/errors/type-functor-inspired/app2.u	failure	reference-parser	This looks like the start of an expression here       4 | ()  but at the file top-level, I expect one of the following:    - A binding, like ( = 42 OR                     ( : Nat                     ( = 42   - A watch expression, like > ( + 1   - An `ability` declaration, like unique ability Foo where ...   - A `type` declaration, like structural type Optional a = None | Some a 	
unison-src/errors/type-functor-inspired/arrow1.u	failure	reference-parser	This looks like the start of an expression here       3 | ()  but at the file top-level, I expect one of the following:    - A binding, like ( = 42 OR                     ( : Nat                     ( = 42   - A watch expression, like > ( + 1   - An `ability` declaration, like unique ability Foo where ...   - A `type` declaration, like structural type Optional a = None | Some a 	
unison-src/errors/type-functor-inspired/effect2.u	failure	reference-parser	This looks like the start of an expression here      11 | ()  but at the file top-level, I expect one of the following:    - A binding, like ( = 42 OR                     ( : Nat                     ( = 42   - A watch expression, like > ( + 1   - An `ability` declaration, like unique ability Foo where ...   - A `type` declaration, like structural type Optional a = None | Some a 	
unison-src/errors/type-functor-inspired/forall-arrow.u	failure	reference-parser	This looks like the start of an expression here       3 | ()  but at the file top-level, I expect one of the following:    - A binding, like ( = 42 OR                     ( : Nat                     ( = 42   - A watch expression, like > ( + 1   - An `ability` declaration, like unique ability Foo where ...   - A `type` declaration, like structural type Optional a = None | Some a 	
unison-src/errors/type-functor-inspired/forall-arrow2.u	failure	reference-parser	This looks like the start of an expression here       4 | ()  but at the file top-level, I expect one of the following:    - A binding, like ( = 42 OR                     ( : Nat                     ( = 42   - A watch expression, like > ( + 1   - An `ability` declaration, like unique ability Foo where ...   - A `type` declaration, like structural type Optional a = None | Some a 	
unison-src/errors/type-functor-inspired/forall-arrow3.u	failure	reference-parser	This looks like the start of an expression here       4 | ()  but at the file top-level, I expect one of the following:    - A binding, like ( = 42 OR                     ( : Nat                     ( = 42   - A watch expression, like > ( + 1   - An `ability` declaration, like unique ability Foo where ...   - A `type` declaration, like structural type Optional a = None | Some a 	
unison-src/errors/type-functor-inspired/parens.u	failure	reference-parser	This looks like the start of an expression here       4 | ()  but at the file top-level, I expect one of the following:    - A binding, like ( = 42 OR                     ( : Nat                     ( = 42   - A watch expression, like > ( + 1   - An `ability` declaration, like unique ability Foo where ...   - A `type` declaration, like structural type Optional a = None | Some a 	
unison-src/errors/type-functor-inspired/subtuple.u	failure	reference-parser	This looks like the start of an expression here       5 | ()  but at the file top-level, I expect one of the following:    - A binding, like ( = 42 OR                     ( : Nat                     ( = 42   - A watch expression, like > ( + 1   - An `ability` declaration, like unique ability Foo where ...   - A `type` declaration, like structural type Optional a = None | Some a 	
unison-src/errors/type-functor-inspired/synthesizeApp.u	failure	reference-parser	This looks like the start of an expression here       4 | foo +1 "hi"  but at the file top-level, I expect one of the following:    - A binding, like foo = 42 OR                     foo : Nat                     foo = 42   - A watch expression, like > foo + 1   - An `ability` declaration, like unique ability Foo where ...   - A `type` declaration, like structural type Optional a = None | Some a 	
unison-src/errors/type-functor-inspired/tuple.u	failure	reference-parser	This looks like the start of an expression here       4 | ()  but at the file top-level, I expect one of the following:    - A binding, like ( = 42 OR                     ( : Nat                     ( = 42   - A watch expression, like > ( + 1   - An `ability` declaration, like unique ability Foo where ...   - A `type` declaration, like structural type Optional a = None | Some a 	
unison-src/errors/type-functor-inspired/tuple2.u	failure	reference-parser	This looks like the start of an expression here       3 | y  but at the file top-level, I expect one of the following:    - A binding, like y = 42 OR                     y : Nat                     y = 42   - A watch expression, like > y + 1   - An `ability` declaration, like unique ability Foo where ...   - A `type` declaration, like structural type Optional a = None | Some a 	
unison-src/errors/type-functor-inspired/unit.u	failure	reference-parser	This looks like the start of an expression here       3 | ()  but at the file top-level, I expect one of the following:    - A binding, like ( = 42 OR                     ( : Nat                     ( = 42   - A watch expression, like > ( + 1   - An `ability` declaration, like unique ability Foo where ...   - A `type` declaration, like structural type Optional a = None | Some a 	
unison-src/errors/unexpected-loop.u	failure	reference-parser	This looks like the start of an expression here       9 | (bork : Nat)  but at the file top-level, I expect one of the following:    - A binding, like ( = 42 OR                     ( : Nat                     ( = 42   - A watch expression, like > ( + 1   - An `ability` declaration, like unique ability Foo where ...   - A `type` declaration, like structural type Optional a = None | Some a 	
unison-src/errors/unresolved-symbol-1.u	failure	reference-parser	This looks like the start of an expression here       1 | let  but at the file top-level, I expect one of the following:    - A binding, like let = 42 OR                     let : Nat                     let = 42   - A watch expression, like > let + 1   - An `ability` declaration, like unique ability Foo where ...   - A `type` declaration, like structural type Optional a = None | Some a 	
unison-src/errors/unsound-cont.u	failure	reference-parser	This looks like the start of an expression here      12 | ()  but at the file top-level, I expect one of the following:    - A binding, like ( = 42 OR                     ( : Nat                     ( = 42   - A watch expression, like > ( + 1   - An `ability` declaration, like unique ability Foo where ...   - A `type` declaration, like structural type Optional a = None | Some a 	
unison-src/example-errors.u	success	reference-parser		terms=User "ex1",User "ex2",User "ex3",User "ex4";types=;abilities=
unison-src/parser-tests/empty-match-list.u	failure	reference-parser	I got confused here:      3 | bar = 3   I was surprised to find a = here. I was expecting one of these instead:  * "," * @ * blank * case match * false * pattern guard * true	
unison-src/parser-tests/if-without-condition.u	failure	reference-parser	I expected a block after this (in red), but there wasn't one.  Maybe check your indentation:     1 | foo = if then 4 else 8 	
unison-src/tests/324.u	success	reference-parser		terms=User "foo";types=;abilities=
unison-src/tests/514.u	success	reference-parser		terms=User "idInt",User "idNat",User "idPoly",User "idPoly2";types=;abilities=
unison-src/tests/595.u	success	reference-parser		terms=User "any";types=User "Any";abilities=
unison-src/tests/868.u	success	reference-parser		terms=User "broken";types=User "Choice",User "Wrapper";abilities=
unison-src/tests/a-tale-of-two-optionals.u	success	reference-parser		terms=User "Optional.isEmpty",User "increment",User "|>";types=User "Optional";abilities=
unison-src/tests/ability-keyword.u	success	reference-parser		terms=User "x";types=;abilities=User "Foo"
unison-src/tests/abort.u	success	reference-parser		terms=User "bork",User "eff",User "heff",User "hudy";types=;abilities=User "Abort"
unison-src/tests/ask-inferred.u	success	reference-parser		terms=User "x",User "x2",User "x3",User "y",User "y2";types=;abilities=User "Ask",User "AskT",User "AskU"
unison-src/tests/boolean-ops-in-sequence.u	success	reference-parser		terms=User "test";types=;abilities=
unison-src/tests/builtin-arity-0-evaluation.u	success	reference-parser		terms=;types=;abilities=
unison-src/tests/caseguard.u	success	reference-parser		terms=User "f";types=;abilities=
unison-src/tests/cce.u	success	reference-parser		terms=User "Future.fromThunk",User "List.map",User "Monoid.op",User "Monoid.orElse",User "Monoid.zero",User "Node.increment",User "Remote.forkAt",User "Remote.runLocal",User "dmap",User "dmapReduce",User "dreduce",User "dsort",User "force",User "merge",User "sort";types=User "Future",User "Monoid",User "Node";abilities=User "Remote"
unison-src/tests/compose-inference.u	success	reference-parser		terms=User "compose";types=;abilities=
unison-src/tests/console.u	success	reference-parser		terms=User "++",User "fst",User "simulate",User "snd",User "state",User "x";types=;abilities=User "Console",User "State"
unison-src/tests/console1.u	success	reference-parser		terms=User "e",User "fst",User "simulate",User "snd";types=;abilities=User "Console",User "State"
unison-src/tests/data-references-builtins.u	success	reference-parser		terms=;types=User "StringOrInt";abilities=
unison-src/tests/delay.u	success	reference-parser		terms=User "+",User "woot",User "woot2",User "woot3",User "woot4",User "woot4Usage",User "woot4Usage2";types=User "Foo";abilities=
unison-src/tests/delay_parse.u	success	reference-parser		terms=User "a",User "b",User "c",User "d";types=;abilities=User "T"
unison-src/tests/effect-instantiation.u	success	reference-parser		terms=User "blah";types=;abilities=User "Foo"
unison-src/tests/effect-instantiation2.u	success	reference-parser		terms=User "woot";types=;abilities=User "Hi"
unison-src/tests/effect1.u	success	reference-parser		terms=User "eff";types=;abilities=User "Abort"
unison-src/tests/empty-above-the-fold.u	success	reference-parser		terms=;types=;abilities=
unison-src/tests/fix1185.u	success	reference-parser		terms=User "List.map",User "List.map2",User "ex",User "ex2";types=;abilities=User "Zonk"
unison-src/tests/fix1640.u	success	reference-parser		terms=User "RBTree.isRed",User "RBTree.isRed1",User "isRed",User "thisIsTotallyLegit";types=User "Color",User "RBTree";abilities=
unison-src/tests/fix1695.u	success	reference-parser		terms=User "f";types=;abilities=User "G"
unison-src/tests/fix1779.u	success	reference-parser		terms=User "run",User "run'";types=User "R";abilities=User "S"
unison-src/tests/fix528.u	success	reference-parser		terms=User "ex1",User "ex2",User "|>";types=User "Woot";abilities=
unison-src/tests/fix739.u	success	reference-parser		terms=User "MonoidRec.combine",User "MonoidRec.combine.modify",User "MonoidRec.combine.set",User "MonoidRec.empty",User "MonoidRec.empty.modify",User "MonoidRec.empty.set";types=User "MonoidRec";abilities=
unison-src/tests/force.u	success	reference-parser		terms=User "ex",User "force";types=;abilities=User "Woot"
unison-src/tests/guard-boolean-operators.u	success	reference-parser		terms=User "f",User "g";types=User "Foo";abilities=
unison-src/tests/handler-stacking.u	success	reference-parser		terms=User "main",User "replicate",User "stateHandler",User "writerHandler";types=;abilities=User "State",User "Writer"
unison-src/tests/hang.u	success	reference-parser		terms=User "List.map",User "Node.increment",User "Remote.forkAt",User "Remote.runLocal",User "dsort2",User "force",User "halve",User "isEmpty",User "merge";types=User "Future",User "Node";abilities=User "Remote"
unison-src/tests/id.u	success	reference-parser		terms=User "id";types=;abilities=
unison-src/tests/if.u	success	reference-parser		terms=User "foo";types=;abilities=
unison-src/tests/imports.u	success	reference-parser		terms=;types=;abilities=
unison-src/tests/imports2.u	success	reference-parser		terms=User "Optional.orElse";types=;abilities=
unison-src/tests/inner-lambda1.u	success	reference-parser		terms=User "search";types=;abilities=
unison-src/tests/inner-lambda2.u	success	reference-parser		terms=User "search";types=;abilities=
unison-src/tests/io-state2.u	success	reference-parser		terms=User "foo";types=User "Optional";abilities=User "IO",User "State"
unison-src/tests/io-state3.u	success	reference-parser		terms=User "ex1";types=;abilities=User "IO"
unison-src/tests/keyword-parse.u	success	reference-parser		terms=User "f";types=;abilities=
unison-src/tests/lambda-closing-over-effectful-fn.u	success	reference-parser		terms=User "unfold";types=;abilities=
unison-src/tests/links.u	success	reference-parser		terms=User "dropLink",User "natLink",User "takeLink";types=;abilities=
unison-src/tests/map-traverse.u	success	reference-parser		terms=User "c",User "ex",User "map",User "pureMap",User "z",User "zappy",User "zappy2";types=User "List";abilities=User "Noop",User "Noop2"
unison-src/tests/map-traverse2.u	success	reference-parser		terms=User "c",User "ex",User "map",User "pureMap",User "z",User "zappy",User "zappy2";types=User "List";abilities=User "Noop",User "Noop2"
unison-src/tests/mergesort.u	success	reference-parser		terms=User "halveWith",User "merge",User "sort";types=;abilities=
unison-src/tests/methodical/abilities.u	success	reference-parser		terms=User "a1",User "ab1",User "ab2",User "abh",User "f",User "g",User "nh",User "unA",User "x";types=;abilities=User "A",User "B",User "C"
unison-src/tests/methodical/apply-constructor.u	success	reference-parser		terms=User "exactt",User "toSeq",User "underapply0t",User "underapply1t",User "underapply2t";types=User "Woot";abilities=
unison-src/tests/methodical/apply.u	success	reference-parser		terms=User "exact",User "exact1",User "fn",User "fn2",User "overapply1",User "overapply2",User "overapplyN",User "underapply0",User "underapply1",User "underapply2";types=;abilities=
unison-src/tests/methodical/builtin-nat-to-float.u	success	reference-parser		terms=;types=;abilities=
unison-src/tests/methodical/builtins.u	success	reference-parser		terms=;types=;abilities=
unison-src/tests/methodical/cycle-minimize.u	success	reference-parser		terms=User "ex";types=;abilities=User "SpaceAttack"
unison-src/tests/methodical/dots.u	success	reference-parser		terms=User "`.`",User "base.function.`.`",User "ex",User "ex2",User "id",User "id2",User "oop.syntax.`.`";types=;abilities=
unison-src/tests/methodical/empty.u	success	reference-parser		terms=;types=;abilities=
unison-src/tests/methodical/empty2.u	success	reference-parser		terms=;types=;abilities=
unison-src/tests/methodical/empty3.u	success	reference-parser		terms=;types=;abilities=
unison-src/tests/methodical/exponential.u	success	reference-parser		terms=;types=;abilities=
unison-src/tests/methodical/float.u	success	reference-parser		terms=User "withDefault";types=;abilities=
unison-src/tests/methodical/hyperbolic.u	success	reference-parser		terms=;types=;abilities=
unison-src/tests/methodical/int.u	success	reference-parser		terms=User "withDefault";types=;abilities=
unison-src/tests/methodical/let.u	success	reference-parser		terms=User "c0";types=;abilities=
unison-src/tests/methodical/literals.u	success	reference-parser		terms=User "lb",User "lc",User "lf",User "li",User "ln",User "lt",User "s",User "sc",User "sn",User "stn";types=;abilities=
unison-src/tests/methodical/loop.u	success	reference-parser		terms=User "loop";types=;abilities=
unison-src/tests/methodical/nat.u	success	reference-parser		terms=User "withDefault";types=;abilities=
unison-src/tests/methodical/nesting.u	success	reference-parser		terms=User "h0",User "h1";types=;abilities=
unison-src/tests/methodical/overapply-ability.u	success	reference-parser		terms=User "exacth",User "overapplyh",User "overapplyh2",User "overapplyh3a",User "overapplyh3b",User "overapplyh3c",User "sequence1",User "sequence2",User "sequence3",User "unzing";types=;abilities=User "Zing"
unison-src/tests/methodical/parens.u	success	reference-parser		terms=User "ex1",User "ex2",User "ex3",User "ex4",User "ex5";types=;abilities=
unison-src/tests/methodical/pattern-matching.u	success	reference-parser		terms=User "apat",User "bpat",User "ipat",User "npat",User "pat1",User "pat2",User "pat3",User "pat4",User "pat5",User "pat6",User "pat7",User "tpat";types=;abilities=
unison-src/tests/methodical/power.u	success	reference-parser		terms=;types=;abilities=
unison-src/tests/methodical/rank2.u	success	reference-parser		terms=User "rank2b";types=;abilities=
unison-src/tests/methodical/rounding.u	success	reference-parser		terms=;types=;abilities=
unison-src/tests/methodical/scopedtypevars.u	success	reference-parser		terms=User "ex1",User "ex2",User "merge";types=;abilities=
unison-src/tests/methodical/semis.u	success	reference-parser		terms=User "**",User "a",User "p",User "x",User "y",User "z";types=;abilities=
unison-src/tests/methodical/trig.u	success	reference-parser		terms=;types=;abilities=
unison-src/tests/methodical/universals.u	success	reference-parser		terms=;types=;abilities=
unison-src/tests/methodical/wildcardimports.u	success	reference-parser		terms=User "foo";types=;abilities=
unison-src/tests/multiple-effects.u	success	reference-parser		terms=User "Console.state",User "multiHandler";types=;abilities=User "Console",User "State"
unison-src/tests/parenthesized-blocks.u	success	reference-parser		terms=User "x",User "y";types=;abilities=
unison-src/tests/pattern-match-seq.u	success	reference-parser		terms=User "firstTwo",User "head",User "lastTwo",User "lenConcat1",User "lenConcat2",User "lenCons",User "lenLit",User "lenSnoc",User "middle",User "middleNel",User "optionToList",User "splitAtFour";types=;abilities=
unison-src/tests/pattern-matching.u	success	reference-parser		terms=User "foo",User "foo2",User "len",User "w",User "w2",User "x",User "y",User "z";types=User "Foo0",User "Foo1",User "Foo2",User "Foo3",User "List";abilities=
unison-src/tests/pattern-matching2.u	success	reference-parser		terms=User "x",User "y",User "z";types=User "Foo0",User "Foo1",User "Foo2",User "Foo3";abilities=
unison-src/tests/pattern-typing-bug.u	success	reference-parser		terms=User "f";types=User "Value";abilities=
unison-src/tests/pattern-weirdness.u	success	reference-parser		terms=User "go";types=;abilities=
unison-src/tests/r0.u	success	reference-parser		terms=User "r0";types=;abilities=
unison-src/tests/r1.u	success	reference-parser		terms=User "r1";types=User "Optional";abilities=
unison-src/tests/r10.u	success	reference-parser		terms=User "r10";types=;abilities=
unison-src/tests/r11.u	success	reference-parser		terms=User "r11";types=;abilities=
unison-src/tests/r12.u	success	reference-parser		terms=User "r12";types=;abilities=
unison-src/tests/r13.u	success	reference-parser		terms=User "r13";types=;abilities=
unison-src/tests/r14.u	success	reference-parser		terms=User "r14";types=;abilities=
unison-src/tests/r2.u	success	reference-parser		terms=User "r2";types=User "Optional";abilities=
unison-src/tests/r3.u	success	reference-parser		terms=User "r3";types=;abilities=
unison-src/tests/r4negate.u	success	reference-parser		terms=User "r4";types=;abilities=
unison-src/tests/r4x.u	success	reference-parser		terms=User "r4";types=;abilities=
unison-src/tests/r5.u	success	reference-parser		terms=User "r5";types=;abilities=
unison-src/tests/r6.u	success	reference-parser		terms=User "r6";types=;abilities=
unison-src/tests/r7.0.u	success	reference-parser		terms=User "r7";types=;abilities=
unison-src/tests/r7.1.u	success	reference-parser		terms=User "r7";types=;abilities=
unison-src/tests/r7.2.u	success	reference-parser		terms=User "r7";types=;abilities=
unison-src/tests/r8.u	success	reference-parser		terms=User "r8";types=;abilities=
unison-src/tests/r9.u	success	reference-parser		terms=User "r9";types=;abilities=
unison-src/tests/rainbow.u	success	reference-parser		terms=User "rainbow";types=User "Either";abilities=User "Ask",User "Zang"
unison-src/tests/records.u	success	reference-parser		terms=User "Monoid.plus",User "Monoid.plus.modify",User "Monoid.plus.set",User "Monoid.zero",User "Monoid.zero.modify",User "Monoid.zero.set",User "Point.x",User "Point.x.modify",User "Point.x.set",User "Point.y",User "Point.y.modify",User "Point.y.set",User "Point2.f",User "Point2.f.modify",User "Point2.f.set",User "Point2.point2",User "Point2.point2.modify",User "Point2.point2.set";types=User "Monoid",User "Point",User "Point2";abilities=
unison-src/tests/sequence-at-0.u	success	reference-parser		terms=;types=;abilities=
unison-src/tests/sequence-literal-argument-parsing.u	success	reference-parser		terms=User "f";types=User "X";abilities=
unison-src/tests/sequence-literal.u	success	reference-parser		terms=User "a",User "b",User "c",User "d",User "e",User "f",User "g";types=;abilities=
unison-src/tests/soe.u	success	reference-parser		terms=User "List.map",User "Monoid.op",User "Monoid.orElse",User "Monoid.zero",User "Node.increment",User "Remote.forkAt",User "Remote.runLocal",User "dmap",User "dmapReduce",User "dreduce",User "dsort",User "foldMap",User "force",User "halve",User "merge",User "sort";types=User "Future",User "Monoid",User "Node";abilities=User "Remote"
unison-src/tests/soe2.u	success	reference-parser		terms=User "halve",User "isEmpty",User "merge",User "sort",User "uncons";types=;abilities=
unison-src/tests/spurious-ability-fail-underapply.u	success	reference-parser		terms=User "wha";types=;abilities=User "Woot"
unison-src/tests/spurious-ability-fail.u	success	reference-parser		terms=User "even",User "even2",User "increment",User "odd";types=;abilities=
unison-src/tests/state1.u	success	reference-parser		terms=User "blah",User "state";types=;abilities=User "State"
unison-src/tests/state1a.u	success	reference-parser		terms=User "foo",User "id";types=;abilities=User "State"
unison-src/tests/state2.u	success	reference-parser		terms=User "state";types=;abilities=User "State"
unison-src/tests/state2a-min.u	success	reference-parser		terms=User "ex",User "state";types=;abilities=User "State"
unison-src/tests/state2a.u	success	reference-parser		terms=User "ex",User "first",User "increment",User "modify",User "modify2",User "second",User "state";types=User "Optional";abilities=User "State"
unison-src/tests/state2b-min.u	success	reference-parser		terms=User "state";types=;abilities=User "State"
unison-src/tests/state2b.u	success	reference-parser		terms=User "ex",User "first",User "increment",User "modify",User "second",User "state";types=User "Optional";abilities=User "State"
unison-src/tests/state3.u	success	reference-parser		terms=User "ex1",User "ex1a",User "ex1b",User "ex1c",User "ex1d",User "ex2",User "ex3",User "state";types=;abilities=User "State"
unison-src/tests/state4.u	success	reference-parser		terms=User "ex",User "increment",User "modify",User "state";types=;abilities=User "State"
unison-src/tests/state4a.u	success	reference-parser		terms=User "ex",User "increment",User "modify",User "state";types=;abilities=User "State"
unison-src/tests/stream.u	success	reference-parser		terms=User "++",User "forceBoth",User "from",User "fromSeq",User "map",User "run",User "run'",User "take",User "toSeq",User "unfold";types=User "Stream";abilities=User "Emit"
unison-src/tests/suffix-resolve.u	success	reference-parser		terms=User "ex1",User "ex2",User "ex3",User "foo",User "zoink";types=;abilities=
unison-src/tests/tdnr.u	success	reference-parser		terms=User "x";types=;abilities=
unison-src/tests/tdnr2.u	success	reference-parser		terms=User "bar",User "foo",User "x",User "y",User "z";types=;abilities=
unison-src/tests/tdnr3.u	success	reference-parser		terms=User "Foo.bar",User "z";types=;abilities=
unison-src/tests/tdnr4.u	success	reference-parser		terms=User "x",User "y";types=;abilities=
unison-src/tests/text-escaping.u	success	reference-parser		terms=User "find",User "id",User "x";types=;abilities=
unison-src/tests/text-pattern.u	success	reference-parser		terms=User "foo";types=;abilities=
unison-src/tests/tictactoe.u	success	reference-parser		terms=User "isWin",User "orElse",User "|>";types=User "Board",User "P";abilities=
unison-src/tests/tictactoe0-array-oob1.u	success	reference-parser		terms=User "ex";types=User "Board";abilities=
unison-src/tests/tictactoe0-npe.u	success	reference-parser		terms=User "b",User "ex",User "whatevs",User "x",User "y",User "z";types=User "Board",User "P";abilities=
unison-src/tests/tictactoe0.u	success	reference-parser		terms=User "b",User "isWin",User "orElse";types=User "Board",User "P";abilities=
unison-src/tests/tictactoe2.u	success	reference-parser		terms=User "foldLeft",User "isWin",User "orElse",User "x";types=User "Board",User "P";abilities=
unison-src/tests/tuple.u	success	reference-parser		terms=User "+";types=;abilities=
unison-src/tests/type-application.u	success	reference-parser		terms=User "blah";types=User "C",User "Wrap";abilities=User "Foo"
unison-src/tests/underscore-parsing.u	success	reference-parser		terms=User "_prefix",User "_prefix_",User "prefix_";types=;abilities=
unison-src/tests/unique.u	success	reference-parser		terms=User "id";types=User "BetterBool",User "Bool",User "Day",User "Day2";abilities=User "Blarg",User "Zang",User "Zing"
unison-src/tests/void.u	success	reference-parser		terms=;types=User "Void";abilities=
unison-src/transcripts-manual/benchmarks/array-sort.u	failure	reference-parser	   ❓      I couldn't resolve any of these names:          8 | cmp : Nat -> Nat -> Ordering         Name       Type   Suggestions                        Ordering   type   No matches 	
unison-src/transcripts-manual/benchmarks/each.u	success	reference-parser		terms=User "main";types=;abilities=
unison-src/transcripts-manual/benchmarks/fibonacci.u	success	reference-parser		terms=User "fib",User "main";types=;abilities=
unison-src/transcripts-manual/benchmarks/listfilter.u	success	reference-parser		terms=User "main";types=;abilities=
unison-src/transcripts-manual/benchmarks/listmap.u	success	reference-parser		terms=User "main";types=;abilities=
unison-src/transcripts-manual/benchmarks/map.u	success	reference-parser		terms=User "go",User "main";types=;abilities=
unison-src/transcripts-manual/benchmarks/natmap.u	success	reference-parser		terms=User "go",User "main";types=;abilities=
unison-src/transcripts-manual/benchmarks/random.u	success	reference-parser		terms=User "go",User "main";types=;abilities=
unison-src/transcripts-manual/benchmarks/simpleloop.u	success	reference-parser		terms=User "loop",User "main";types=;abilities=
unison-src/transcripts-manual/benchmarks/stm.u	success	reference-parser		terms=User "loop",User "main";types=;abilities=
unison-src/transcripts-manual/benchmarks/tmap.u	success	reference-parser		terms=User "N",User "TMap2.empty",User "TMap2.insert",User "TMap2.insert.impl",User "TMap2.lookup",User "TMap3.empty",User "TMap3.impl.empties",User "TMap3.insert",User "TMap3.insert.impl",User "TMap3.lookup",User "TMap4.empty",User "TMap4.insert",User "TMap4.insert.impl",User "TMap4.lookup",User "baseline",User "forkbomb",User "go",User "go2",User "go3",User "go4",User "gos",User "gos_TVar_Map",User "main";types=User "TMap2",User "TMap2.impl.F",User "TMap3",User "TMap3.impl.F",User "TMap4",User "TMap4.impl.F";abilities=
unison-src/transcripts-round-trip/docTest2.u	failure	reference-parser	   ❓      I couldn't resolve any of these names:          1 | docTest2 : Doc2         Name   Type   Suggestions                    Doc2   type   No matches 	
unison-src/transcripts-round-trip/ex2.u	success	reference-parser		terms=User "b";types=;abilities=
unison-src/transcripts-round-trip/reparses-with-same-hash.u	failure	reference-parser	   ❓      I couldn't resolve any of these names:         90 | fix_2271 : Doc2       .     127 | nested_fences : Doc2         Name   Type   Suggestions                    Doc2   type   No matches 	
unison-src/transcripts-round-trip/reparses.u	success	reference-parser		terms=User "explanationOfThisFile",User "sloppyDocEval";types=;abilities=
unison-src/transcripts-using-base/base.u	success	reference-parser		terms=User "<|",User "Code.transitiveDeps",User "Either.isLeft",User "Either.mapLeft",User "Either.raiseMessage",User "Exception.catch",User "Exception.failure",User "Exception.reraise",User "Exception.toEither",User "Exception.toEither.handler",User "Exception.unsafeRun!",User "List.all",User "List.filter",User "List.foldLeft",User "List.foldMap",User "List.foldMap0",User "List.forEach",User "List.head",User "List.range",User "List.reverse",User "List.unzip",User "List.zip",User "MVar.put",User "MVar.read",User "MVar.swap",User "MVar.take",User "Map.get",User "Optional.getOrBug",User "Stream.collect",User "Stream.collect.handler",User "Stream.toList",User "Stream.toList.handler",User "Text.fromUtf8",User "Value.transitiveDeps",User "ascii",User "autoCleaned",User "autoCleaned.handler",User "bContains",User "bInsert",User "bSearch",User "bSort",User "bSplit",User "cache",User "check",User "checks",User "clientSocket",User "closeFile",User "closeSocket",User "compose",User "compose2",User "compose3",User "contains",User "crawl",User "createTempDirectory",User "decodeCert",User "delay",User "directoryContents",User "evalTest",User "expect",User "expectU",User "fail",User "fileExists",User "first",User "fromB32",User "fromHex",User "getArgs",User "getBuffering",User "getBytes",User "getChar",User "getEcho",User "getLine",User "getSomeBytes",User "getTempDirectory",User "handlePosition",User "handshake",User "hex",User "id",User "isDirectory",User "isFileEOF",User "isFileOpen",User "isNone",User "isSeekable",User "isSome",User "listen",User "loadCodeBytes",User "loadSelfContained",User "loadValueBytes",User "newClient",User "newServer",User "openFile",User "printLine",User "printText",User "putBytes",User "readFile",User "ready",User "receive",User "removeDirectory",User "renameDirectory",User "runTest",User "saveSelfContained",User "saveTestCase",User "seekHandle",User "send",User "serverSocket",User "setBuffering",User "setEcho",User "snd",User "socketAccept",User "socketPort",User "startsWith",User "stdout",User "systemTime",User "terminate",User "uncurry",User "void",User "when",User "writeFile",User "|>";types=User "Map";abilities=User "Exception",User "Stream",User "TempDirs",User "Throw"
unison-src/transcripts-using-base/doc.md.files/syntax.u	success	reference-parser		terms=User "basicFormatting",User "doc.guide",User "evaluation",User "includingSource",User "lists",User "nonUnisonCodeBlocks",User "otherElements",User "sqr";types=;abilities=
